profile_id,source_level_index,observation_depth_m,observed_temperature,observed_in_situ_temperature_celsius,pressure_dbar,pressure_qc,temperature_qc,salinity_auxiliary_qc,model_temperature_interpolated,signed_bias_celsius,absolute_error_celsius,qc_status,position_qc,time_qc,model_lower_depth_m,model_upper_depth_m,temperature_basis,spatial_distance_km,time_offset_hours,time_offset_from_daily_midpoint_hours
20240102_indian_ocean_prof:26,0,2.3861835800053965,29.16441560042565,29.165000915527344,2.4000000953674316,1,1,1,29.082694150787358,-0.08172144963829098,0.08172144963829098,accepted_provider_flag_1,1,1,1.5413750410079956,2.6456689834594727,potential_temperature_0_dbar,4.216268990794637,13.45,1.45
20240102_indian_ocean_prof:26,1,3.4798416200087257,29.16514675391205,29.166000366210938,3.5,1,1,1,29.08252204209566,-0.08262471181638986,0.08262471181638986,accepted_provider_flag_1,1,1,2.6456689834594727,3.8194949626922607,potential_temperature_0_dbar,4.216268990794637,13.45,1.45
20240102_indian_ocean_prof:26,2,4.474071217777376,29.163903434404997,29.165000915527344,4.5,1,1,1,29.08252204209566,-0.08138139230933561,0.08138139230933561,accepted_provider_flag_1,1,1,3.8194949626922607,5.078224182128906,potential_temperature_0_dbar,4.216268990794637,13.45,1.45
20240102_indian_ocean_prof:26,3,5.4682959868899035,29.16265821668142,29.163999557495117,5.5,1,1,1,29.082312332810698,-0.08034588387072361,0.08034588387072361,accepted_provider_flag_1,1,1,5.078224182128906,6.440614223480225,potential_temperature_0_dbar,4.216268990794637,13.45,1.45
20240102_indian_ocean_prof:26,4,6.462515927495322,29.161414915320318,29.163000106811523,6.5,1,1,1,29.08178959786892,-0.07962531745139856,0.07962531745139856,accepted_provider_flag_1,1,1,6.440614223480225,7.92956018447876,potential_temperature_0_dbar,4.216268990794637,13.45,1.45
20240102_indian_ocean_prof:26,5,7.456731039742644,29.16317173816381,29.165000915527344,7.5,1,1,1,29.08178959786892,-0.08138214029489177,0.08138214029489177,accepted_provider_flag_1,1,1,6.440614223480225,7.92956018447876,potential_temperature_0_dbar,4.216268990794637,13.45,1.45
20240102_indian_ocean_prof:26,6,8.45094132378087,29.1679267393685,29.170000076293945,8.5,1,1,1,29.081557229590352,-0.08636950977814806,0.08636950977814806,accepted_provider_flag_1,1,1,7.92956018447876,9.572997093200684,potential_temperature_0_dbar,4.216268990794637,13.45,1.45
20240102_indian_ocean_prof:26,7,9.345726072161108,29.16770719593739,29.170000076293945,9.399999618530273,1,1,1,29.081158443412647,-0.0865487525247417,0.0865487525247417,accepted_provider_flag_1,1,1,7.92956018447876,9.572997093200684,potential_temperature_0_dbar,4.216268990794637,13.45,1.45
20240102_indian_ocean_prof:26,8,10.339927183014396,29.170463322779867,29.17300033569336,10.399999618530273,1,1,1,29.080750530985416,-0.08971279179445091,0.08971279179445091,accepted_provider_flag_1,1,1,9.572997093200684,11.404999732971191,potential_temperature_0_dbar,4.216268990794637,13.45,1.45
20240102_indian_ocean_prof:26,9,11.334123466090686,29.17021936073608,29.17300033569336,11.399999618530273,1,1,1,29.08035304611723,-0.08986631461884897,0.08986631461884897,accepted_provider_flag_1,1,1,9.572997093200684,11.404999732971191,potential_temperature_0_dbar,4.216268990794637,13.45,1.45
20240102_indian_ocean_prof:26,10,12.427734180822823,29.16795034400264,29.17099952697754,12.5,1,1,1,29.07996144805928,-0.08798889594336146,0.08798889594336146,accepted_provider_flag_1,1,1,11.404999732971191,13.467140197753906,potential_temperature_0_dbar,4.216268990794637,13.45,1.45
20240102_indian_ocean_prof:26,11,13.421920326050529,29.167706387470897,29.17099952697754,13.5,1,1,1,29.079608326671668,-0.08809806079922922,0.08809806079922922,accepted_provider_flag_1,1,1,11.404999732971191,13.467140197753906,potential_temperature_0_dbar,4.216268990794637,13.45,1.45
20240102_indian_ocean_prof:26,12,14.416101643963081,29.167462427696467,29.17099952697754,14.5,1,1,1,29.078998938559117,-0.08846348913735014,0.08846348913735014,accepted_provider_flag_1,1,1,13.467140197753906,15.810070037841797,potential_temperature_0_dbar,4.216268990794637,13.45,1.45
20240102_indian_ocean_prof:26,13,15.410278134709467,29.167218464679543,29.17099952697754,15.5,1,1,1,29.07837734177158,-0.08884112290796153,0.08884112290796153,accepted_provider_flag_1,1,1,13.467140197753906,15.810070037841797,potential_temperature_0_dbar,4.216268990794637,13.45,1.45
20240102_indian_ocean_prof:26,14,16.404449798438645,29.16797575468149,29.172000885009766,16.5,1,1,1,29.07796526476304,-0.0900104899184484,0.0900104899184484,accepted_provider_flag_1,1,1,15.810070037841797,18.495559692382812,potential_temperature_0_dbar,4.216268990794637,13.45,1.45
20240102_indian_ocean_prof:26,15,17.398616635299593,29.168731121969262,29.17300033569336,17.5,1,1,1,29.077694114301206,-0.09103700766805645,0.09103700766805645,accepted_provider_flag_1,1,1,15.810070037841797,18.495559692382812,potential_temperature_0_dbar,4.216268990794637,13.45,1.45
20240102_indian_ocean_prof:26,16,18.392778645441275,29.167487800107256,29.172000885009766,18.5,1,1,1,29.07742296515582,-0.09006483495143769,0.09006483495143769,accepted_provider_flag_1,1,1,15.810070037841797,18.495559692382812,potential_temperature_0_dbar,4.216268990794637,13.45,1.45
20240102_indian_ocean_prof:26,17,19.38693582901265,29.17024180990738,29.174999237060547,19.5,1,1,1,29.076974159968202,-0.09326764993917891,0.09326764993917891,accepted_provider_flag_1,1,1,18.495559692382812,21.598819732666016,potential_temperature_0_dbar,4.216268990794637,13.45,1.45
20240102_indian_ocean_prof:26,18,24.655887569940237,29.16494945318096,29.17099952697754,24.799999237060547,1,1,1,29.0746904175274,-0.09025903565355975,0.09025903565355975,accepted_provider_flag_1,1,1,21.598819732666016,25.211410522460938,potential_temperature_0_dbar,4.216268990794637,13.45,1.45
20240102_indian_ocean_prof:26,19,34.795755087790035,29.145464001543345,29.15399932861328,35.0,1,1,1,29.0744651556015,-0.07099884594184402,0.07099884594184402,accepted_provider_flag_1,1,1,34.43415069580078,40.344051361083984,potential_temperature_0_dbar,4.216268990794637,13.45,1.45
20240102_indian_ocean_prof:26,20,45.03452224199981,29.14095307333936,29.152000427246094,45.29999923706055,1,1,1,29.0651795227391,-0.07577355060026036,0.07577355060026036,accepted_provider_flag_1,1,1,40.344051361083984,47.37369155883789,potential_temperature_0_dbar,4.216268990794637,13.45,1.45
20240102_indian_ocean_prof:26,21,54.77578684937938,29.13456378068294,29.148000717163086,55.099998474121094,1,1,1,28.60694833042285,-0.5276154502600896,0.5276154502600896,accepted_provider_flag_1,1,1,47.37369155883789,55.76428985595703,potential_temperature_0_dbar,4.216268990794637,13.45,1.45
20240102_indian_ocean_prof:26,22,64.61598426760102,28.638334607225158,28.65399932861328,65.0,1,1,1,27.81624128311222,-0.822093324112938,0.822093324112938,accepted_provider_flag_1,1,1,55.76428985595703,65.80726623535156,potential_temperature_0_dbar,4.216268990794637,13.45,1.45
20240102_indian_ocean_prof:26,23,74.35632204289237,27.54547371434988,27.562999725341797,74.80000305175781,1,1,1,26.953885669933754,-0.5915880444161239,0.5915880444161239,accepted_provider_flag_1,1,1,65.80726623535156,77.85385131835938,potential_temperature_0_dbar,4.216268990794637,13.45,1.45
20240102_indian_ocean_prof:26,24,84.39434457837875,26.323761343542955,26.343000411987305,84.9000015258789,1,1,1,25.88524335985626,-0.4385179836866939,0.4385179836866939,accepted_provider_flag_1,1,1,77.85385131835938,92.3260726928711,potential_temperature_0_dbar,4.216268990794637,13.45,1.45
20240102_indian_ocean_prof:26,25,94.43187576357467,24.324696656088587,24.344999313354492,95.0,1,1,1,24.717659094389877,0.3929624383012893,0.3929624383012893,accepted_provider_flag_1,1,1,92.3260726928711,109.72930145263672,potential_temperature_0_dbar,4.216268990794637,13.45,1.45
20240102_indian_ocean_prof:26,26,104.27017025323865,22.16405344991981,22.184999465942383,104.9000015258789,1,1,1,23.546279924510788,1.3822264745909791,1.3822264745909791,accepted_provider_flag_1,1,1,92.3260726928711,109.72930145263672,potential_temperature_0_dbar,4.216268990794637,13.45,1.45
20240102_indian_ocean_prof:26,27,114.20736095892127,21.419611949207475,21.441999435424805,114.9000015258789,1,1,1,22.402664613175105,0.98305266396763,0.98305266396763,accepted_provider_flag_1,1,1,109.72930145263672,130.66600036621094,potential_temperature_0_dbar,4.216268990794637,13.45,1.45
20240102_indian_ocean_prof:26,28,124.34279669137676,21.020924889228546,21.045000076293945,125.0999984741211,1,1,1,21.285397076904975,0.26447218767642866,0.26447218767642866,accepted_provider_flag_1,1,1,109.72930145263672,130.66600036621094,potential_temperature_0_dbar,4.216268990794637,13.45,1.45
20240102_indian_ocean_prof:26,29,134.37837372250627,19.81606750783265,19.840999603271484,135.1999969482422,1,1,1,20.267273578901126,0.45120607106847643,0.45120607106847643,accepted_provider_flag_1,1,1,130.66600036621094,155.85069274902344,potential_temperature_0_dbar,4.216268990794637,13.45,1.45
20240102_indian_ocean_prof:26,30,144.21476092501337,19.228799707018556,19.2549991607666,145.10000610351562,1,1,1,19.416499029057434,0.18769932203887763,0.18769932203887763,accepted_provider_flag_1,1,1,130.66600036621094,155.85069274902344,potential_temperature_0_dbar,4.216268990794637,13.45,1.45
20240102_indian_ocean_prof:26,31,154.2493590629173,18.73946700721783,18.767000198364258,155.1999969482422,1,1,1,18.548580703164202,-0.1908863040536275,0.1908863040536275,accepted_provider_flag_1,1,1,130.66600036621094,155.85069274902344,potential_temperature_0_dbar,4.216268990794637,13.45,1.45
20240102_indian_ocean_prof:26,32,164.18413072179538,18.03246847712864,18.06100082397461,165.1999969482422,1,1,1,17.836088327885992,-0.19638014924264624,0.19638014924264624,accepted_provider_flag_1,1,1,155.85069274902344,186.12559509277344,potential_temperature_0_dbar,4.216268990794637,13.45,1.45
20240102_indian_ocean_prof:26,33,173.91974381997224,17.360562776240606,17.389999389648438,175.0,1,1,1,17.165520701599664,-0.19504207464094137,0.19504207464094137,accepted_provider_flag_1,1,1,155.85069274902344,186.12559509277344,potential_temperature_0_dbar,4.216268990794637,13.45,1.45
20240102_indian_ocean_prof:26,34,183.45622674444425,16.646839138051746,16.677000045776367,184.60000610351562,1,1,1,16.50866872388695,-0.13817041416479725,0.13817041416479725,accepted_provider_flag_1,1,1,155.85069274902344,186.12559509277344,potential_temperature_0_dbar,4.216268990794637,13.45,1.45
20240102_indian_ocean_prof:26,35,193.88624159694663,15.995982119312897,16.027000427246094,195.10000610351562,1,1,1,16.059280454554774,0.06329833524187656,0.06329833524187656,accepted_provider_flag_1,1,1,186.12559509277344,222.47520446777344,potential_temperature_0_dbar,4.216268990794637,13.45,1.45
20240102_indian_ocean_prof:26,36,208.48737028051187,15.321585031616989,15.354000091552734,209.8000030517578,1,1,1,15.559707491286613,0.23812245966962386,0.23812245966962386,accepted_provider_flag_1,1,1,186.12559509277344,222.47520446777344,potential_temperature_0_dbar,4.216268990794637,13.45,1.45
20240102_indian_ocean_prof:26,37,228.54981622430557,14.63152997690014,14.666000366210938,230.0,1,1,1,14.909437299309317,0.2779073224091775,0.2779073224091775,accepted_provider_flag_1,1,1,222.47520446777344,266.0403137207031,potential_temperature_0_dbar,4.216268990794637,13.45,1.45
20240102_indian_ocean_prof:26,38,248.41169943192628,14.16630619074304,14.20300006866455,250.0,1,1,1,14.34810001412207,0.18179382337902972,0.18179382337902972,accepted_provider_flag_1,1,1,222.47520446777344,266.0403137207031,potential_temperature_0_dbar,4.216268990794637,13.45,1.45
20240102_indian_ocean_prof:26,39,268.47026786734057,13.643290483259637,13.682000160217285,270.20001220703125,1,1,1,13.792440018513398,0.14914953525376085,0.14914953525376085,accepted_provider_flag_1,1,1,266.0403137207031,318.1274108886719,potential_temperature_0_dbar,4.216268990794637,13.45,1.45
20240102_indian_ocean_prof:26,40,288.0304248402894,13.253223609327579,13.293999671936035,289.8999938964844,1,1,1,13.3300755475446,0.07685193821702185,0.07685193821702185,accepted_provider_flag_1,1,1,266.0403137207031,318.1274108886719,potential_temperature_0_dbar,4.216268990794637,13.45,1.45
20240102_indian_ocean_prof:26,41,308.18441632221294,12.928037837803181,12.970999717712402,310.20001220703125,1,1,1,12.853673971507328,-0.07436386629585279,0.07436386629585279,accepted_provider_flag_1,1,1,266.0403137207031,318.1274108886719,potential_temperature_0_dbar,4.216268990794637,13.45,1.45
20240102_indian_ocean_prof:26,42,327.9393476589431,12.613970943726702,12.659000396728516,330.1000061035156,1,1,1,12.536339164877848,-0.07763177884885408,0.07763177884885408,accepted_provider_flag_1,1,1,318.1274108886719,380.2130126953125,potential_temperature_0_dbar,4.216268990794637,13.45,1.45
20240102_indian_ocean_prof:26,43,347.4938601645389,12.413732318493102,12.461000442504883,349.79998779296875,1,1,1,12.37231786130004,-0.04141445719306169,0.04141445719306169,accepted_provider_flag_1,1,1,318.1274108886719,380.2130126953125,potential_temperature_0_dbar,4.216268990794637,13.45,1.45
20240102_indian_ocean_prof:26,44,367.2450558223117,12.294305442838828,12.343999862670898,369.70001220703125,1,1,1,12.206646799028293,-0.0876586438105349,0.0876586438105349,accepted_provider_flag_1,1,1,318.1274108886719,380.2130126953125,potential_temperature_0_dbar,4.216268990794637,13.45,1.45
20240102_indian_ocean_prof:26,45,387.09357433429284,12.172898246198196,12.225000381469727,389.70001220703125,1,1,1,12.055286218306486,-0.11761202789170966,0.11761202789170966,accepted_provider_flag_1,1,1,380.2130126953125,453.9377136230469,potential_temperature_0_dbar,4.216268990794637,13.45,1.45
20240102_indian_ocean_prof:26,46,407.2378567303551,11.989661484602056,12.043999671936035,410.0,1,1,1,11.930604899197345,-0.05905658540471137,0.05905658540471137,accepted_provider_flag_1,1,1,380.2130126953125,453.9377136230469,potential_temperature_0_dbar,4.216268990794637,13.45,1.45
20240102_indian_ocean_prof:26,47,427.0825305635006,11.88327125894017,11.9399995803833,430.0,1,1,1,11.807777981754464,-0.07549327718570531,0.07549327718570531,accepted_provider_flag_1,1,1,380.2130126953125,453.9377136230469,potential_temperature_0_dbar,4.216268990794637,13.45,1.45
20240102_indian_ocean_prof:26,48,447.0245132487202,11.805796978828935,11.864999771118164,450.1000061035156,1,1,1,11.684348779464742,-0.1214481993641936,0.1214481993641936,accepted_provider_flag_1,1,1,380.2130126953125,453.9377136230469,potential_temperature_0_dbar,4.216268990794637,13.45,1.45
