model_depth_m,model_potential_temperature_celsius
0.49402499198913574,29.083254486322403
1.5413750410079956,29.083254486322403
2.6456689834594727,29.08252204209566
3.8194949626922607,29.08252204209566
5.078224182128906,29.08252204209566
6.440614223480225,29.08178959786892
7.92956018447876,29.08178959786892
9.572997093200684,29.081057153642178
11.404999732971191,29.080324709415436
13.467140197753906,29.079592265188694
15.810070037841797,29.07812737673521
18.495559692382812,29.07739493250847
21.598819732666016,29.075930044054985
25.211410522460938,29.0744651556015
29.444730758666992,29.0744651556015
34.43415069580078,29.0744651556015
40.344051361083984,29.0744651556015
47.37369155883789,29.060548715293407
55.76428985595703,28.54637286812067
65.80726623535156,27.717978447675705
77.85385131835938,26.641285434365273
92.3260726928711,24.968382820487022
109.72930145263672,22.896298103034496
130.66600036621094,20.588366344571114
155.85069274902344,18.410077214241028
186.12559509277344,16.32480850070715
222.47520446777344,15.081118203699589
266.0403137207031,13.849879458546638
318.1274108886719,12.618640713393688
380.2130126953125,12.097872868180275
453.9377136230469,11.64156011492014
